,C18O_flux,C2H_flux,CN_flux,HCN_flux,HCO_plus_flux,disk_mass
count,7.0,7.0,7.0,7.0,7.0,7.0
mean,1.2,0.7999999999999999,1.0714285714285716,0.9,1.3,0.05
std,0.2943920288775949,0.21602468994692872,0.2563479777846623,0.21602468994692867,0.2943920288775949,0.02160246899469287
min,0.8,0.5,0.7,0.6,0.9,0.02
25%,1.0,0.6499999999999999,0.9,0.75,1.1,0.035
50%,1.2,0.8,1.1,0.9,1.3,0.05
75%,1.4,0.95,1.25,1.05,1.5,0.065
max,1.6,1.1,1.4,1.2,1.7,0.08
